control_,title,url
True,"This is the third item","http://www.example.com/3.html"
False,"This is the first item","http://www.example.com/1.html"
False,"This is the second item","http://www.example.com/2.html"
False,"This is the fourth item","http://www.example.com/4.html"
False,"This is the fifth item","http://www.example.com/5.html"
False,"This is the sixth item","http://www.example.com/6.html"
True,"This is the seventh item","http://www.example.com/7.html"
False,"This is the eighth item","http://www.example.com/8.html"
False,"This is the ninth item","http://www.example.com/9.html"
False,"This is the tenth item","http://www.example.com/10.html"
